{
    "airplane": {
        "corr_set": [
            896,
            366,
            103,
            861,
            40,
            96,
            84,
            123,
            93,
            113,
            53,
            182,
            242,
            197,
            12,
            879,
            79,
            197,
            117,
            79,
            80,
            148,
            67,
            201,
            135,
            72,
            45,
            25,
            587,
            66,
            153,
            63,
            160,
            34,
            289,
            37,
            88,
            122,
            94,
            147,
            63,
            86,
            114,
            54,
            36,
            50,
            119,
            59,
            93,
            59,
            79,
            220,
            200,
            110,
            106,
            104,
            82,
            724,
            48,
            281
        ],
        "err_R": [
            0.3434703809260502,
            16.428431851319544,
            64.42035472690327,
            5.115121661962114,
            1.876099200606543,
            0.03955799266811155,
            0.00017631661238581842,
            2.9482096118534216,
            75.2392582639301,
            7.171504351120998,
            20.185928721577895,
            3.785420922504514,
            0.02363817300812343,
            0.5265470750576426,
            6.994828992607595,
            0.7840822031382353,
            0.3131905209661081,
            12.284023592400105,
            0.031118556278013187,
            4.287470289199291e-05,
            0.02654437761329831,
            1.1931451367065478,
            72.50217474710026,
            0.10905009698740731,
            0.010147593209892669,
            10.619235092728726,
            2.0776995977230825,
            0.1035594486325273,
            0.09821121088393792,
            1.1904776967550674,
            0.015767456268230617,
            0.044536262269517124,
            1.412450804298473,
            15.76685086359668,
            0.002983761026717602,
            75.16401009365677,
            142.10263575347747,
            18.68061656659114,
            0.5318218763239511,
            30.143465142531245,
            0.15054274784521127,
            11.784235421310136,
            73.50555263023543,
            0.36815359783360435,
            0.3574317223108565,
            0.21179386617307117,
            86.6015503214249,
            1.040052970313461,
            1.474376176702208e-13,
            6.588756620618327,
            0.32269478668469986,
            0.053778548590494246,
            0.0014828404149564989,
            9.462259755996087,
            6.352344478705588,
            0.7033450615954706,
            16.322505612825974,
            16.457655859216803,
            11.870270171298149,
            0.8392506699697218
        ],
        "err_t": [
            0.01884170756692205,
            -0.00039430512473570545,
            -0.05199627205982038,
            -0.041224002911661006,
            0.0032986385323827694,
            0.0025892913030396425,
            -0.0001019750373885131,
            -0.11057514397169532,
            0.1137748545477939,
            -0.0156996949522461,
            -0.39431963292372707,
            -0.046372262724997615,
            -0.00018237419401101462,
            0.014851198467469073,
            -0.01986308577945875,
            0.00028464602451461207,
            -0.0035723583444710466,
            -0.016790318309747088,
            -0.0010750155802128347,
            -0.0003426018683373444,
            -0.001941475738738152,
            -0.0024268419624009496,
            0.20352921695088633,
            -0.001787280244960554,
            0.000598679264587787,
            0.06986779362205287,
            -0.007895095673427166,
            0.0022568939762279694,
            0.0045494846628195695,
            0.02057775842985382,
            0.009672362285029212,
            0.0024304050871872818,
            -0.012628468877265042,
            0.10390537121096716,
            -1.3653277162406496e-05,
            0.09453572887524947,
            -0.32438924032341765,
            -0.014239491589553066,
            -0.010705806775006987,
            -0.7148855649577222,
            0.00702828297858904,
            -0.10800558641703317,
            -0.02258232548446884,
            -0.004947991725589629,
            0.003986761200353239,
            0.0010941904993795326,
            0.0032677321807967896,
            -0.0039817846381023925,
            4.440892098500626e-16,
            -0.47090601962185696,
            -0.0009602626847358131,
            -0.000714406026656178,
            -1.0520495205668112e-05,
            -0.026765549759721896,
            -0.037260048134789336,
            0.0002992361146119116,
            0.11494988972179909,
            -0.4190687227175822,
            -0.09983234117433981,
            -0.017111953257443968
        ],
        "err_x": [
            131.01790588787583,
            148.22035414798313,
            11.838068603558195,
            168.68016303265296,
            172.6228744061474,
            0.17900316602189853,
            0.07536011871253498,
            67.4123076194497,
            88.4614536384299,
            168.92751096419641,
            148.98027316801875,
            176.27404861611268,
            0.0159320214012577,
            8.181204851864555,
            30.145887062505626,
            11.815854483418253,
            179.50604254381605,
            7.507008495152222,
            4.121988941028137,
            0.07368724967739157,
            0.3981996392354412,
            167.77344147467787,
            172.7619917215344,
            0.34849795596391503,
            0.2725104794019184,
            7.463860586684973,
            25.54861814379676,
            1.5444680311980366,
            4.050457772153689,
            4.6794525624342524,
            6.938361782980913,
            0.10883122553611943,
            177.04879771903236,
            159.41399030626906,
            0.022090523637698575,
            23.62590735420327,
            91.91515266210445,
            13.538444646969314,
            8.191605424081674,
            78.9271651471888,
            177.89625846641522,
            171.0031298228869,
            89.79522485220305,
            3.1262619890381895,
            179.2276406650729,
            178.35398351684339,
            90.0219691378307,
            175.91032388830382,
            0.0,
            60.80155227446071,
            2.1896065016890898,
            0.6602668865806876,
            0.009881763337840216,
            172.1590929067239,
            84.71100047190025,
            2.5906157413969213,
            167.46594217092593,
            92.91208276525806,
            171.61850115410115,
            91.46014807269852
        ],