{
    "airplane": {
        "corr_set": [],
        "err_R": [],
        "err_t": [],
        "err_x": [],
        "gdth_set": [],
        "init_set": [],
        "totl_cnt": 0
    },
    "bathtub": {
        "corr_set": [],
        "err_R": [],
        "err_t": [],
        "err_x": [],
        "gdth_set": [],
        "init_set": [],
        "totl_cnt": 0
    },
    "bed": {
        "corr_set": [],
        "err_R": [],
        "err_t": [],
        "err_x": [],
        "gdth_set": [],
        "init_set": [],
        "totl_cnt": 0
    },
    "bench": {
        "corr_set": [],
        "err_R": [],
        "err_t": [],
        "err_x": [],
        "gdth_set": [],
        "init_set": [],
        "totl_cnt": 0
    },
    "bookshelf": {
        "corr_set": [
            48,
            20,
            1,
            2,
            93,
            86,
            6,
            93,
            1,
            2,
            55,
            3,
            70,
            1,
            33,
            9,
            4,
            248,
            2,
            2,
            7,
            10,
            2,
            3,
            2,
            87,
            2,
            6,
            66,
            84,
            54,
            4,
            142,
            29,
            2,
            127,
            238
        ],
        "err_R": [
            0.0012212146705650184,
            7.460723147932487,
            1.5953846020919293,
            1.8434743901063442,
            5.971335933192867,
            32.40290554097302,
            0.0014080042853543695,
            0.01795483827009381,
            68.84456724762788,
            0.3345983980166576,
            0.011043746424717948,
            8.666447377655,
            0.004112256856728003,
            22.80111664921378,
            77.1140544906053,
            0.3342970712315889,
            0.09940941051246321,
            1.905697821769081e-12,
            0.0019071517738247223,
            6.039613253960852e-14,
            0.002862173760924236,
            28.749276051067035,
            5.249760892015232,
            3.4761587369223115,
            0.09013205563714166,
            1.3215146487228218,
            0.7227434072900696,
            1.3723036519891743,
            0.05222434020177552,
            69.78196543120121,
            0.20050279089896605,
            1.9460011410557119,
            0.0013587424118721714,
            49.97298520329028,
            83.10788518214726,
            0.025580089493372427,
            1.3150819610135998
        ],
        "err_t": [
            -0.0009711994490096965,
            0.020793575748412008,
            0.020973239935848653,
            -0.014578500670950623,
            -0.1437861417747628,
            0.29636335594090174,
            -6.137087342428238e-06,
            -9.177747535060732e-06,
            -0.06230324103150642,
            -0.0006553031032282552,
            0.01959556407832963,
            0.06465272186033211,
            -0.00044715300705644445,
            0.05286817510617037,
            -0.14678107053768397,
            -0.004391913455394025,
            -0.00032736195035787397,
            0.0,
            -7.033961174629511e-07,
            -2.220446049250313e-16,
            -7.141188850923186e-06,
            -0.8507732181827572,
            -0.004733405404451441,
            -0.02331144095564719,
            -0.005575011368507243,
            -0.0141936847403481,
            0.011905170565523537,
            -0.01093073684507151,
            -0.0023630862747016784,
            -0.13430754990925176,
            0.003696294064159833,
            -0.06577207584995615,
            -0.003704555149270372,
            0.2665101569163808,
            0.6029583562919807,
            0.0015620252788860478,
            -0.021737634271899453
        ],
        "err_x": [
            0.01712358340355837,
            18.69253487794219,
            16.00242893566961,
            172.68393752482535,
            177.21884378275706,
            0.3138459720838067,
            0.04389226130528313,
            0.30120617793889115,
            90.13653327075396,
            1.8933438251286572,
            9.282754404647472,
            2.5728013361593773,
            0.7434972929639374,
            173.61698285614276,
            89.87471001492057,
            1.9586554009678812,
            0.6724932752255955,
            0.0,
            0.012956936617755703,
            0.0,
            0.002839177117466879,
            93.67547162511353,
            6.780102969587158,
            170.6079640679151,
            0.8969867477994958,
            33.91979203780606,
            2.996331977759727,
            18.362567358081126,
            65.35729661614701,
            89.50645080236853,
            1.0474002629194925,
            89.56324613418411,
            2.1511398410477,
            177.84176145416575,
            95.76560345410917,
            1.0698309658688718,
            98.84034187675627
        ],
        "gdth_set": [
            4,
            337,
            19,
            67,
            74,
            14,
            254,
            62,
            7,
            20,
            74,
            286,
            101,
            21,
            14,
            112,
            248,
            15,
            15,
            356,
            112,
            42,
            171,
            154,
            48,
            224,
            57,
            114,
            49,
            122,
            9,
            82,
            69,
            69,
            236,
            47,
            7,
            7,
            14,
            171,
            94,
            9,
            23,
            25,
            60,
            48,
            106,
            46,
            15,
            271,
            57,
            274,
            110,
            10,
            187,
            308
        ],
        "init_set": [
            9,
            575,
            24,
            104,
            90,
            19,
            483,
            193,
            11,
            23,
            96,
            1034,
            115,
            45,
            28,
            151,
            429,
            36,
            18,
            469,
            234,
            55,
            365,
            232,
            88,
            273,
            97,
            222,
            235,
            159,
            16,
            140,
            119,
            87,
            512,
            66,
            7,
            19,
            38,
            237,
            124,
            15,
            44,
            46,
            69,
            77,
            165,
            89,
            43,
            714,
            82,
            824,
            147,
            18,
            483,
            477
        ],
        "totl_cnt": 56
    },
    "bottle": {
        "corr_set": [],
        "err_R": [],
        "err_t": [],
        "err_x": [],
        "gdth_set": [],
        "init_set": [],
        "totl_cnt": 0
    },
    "bowl": {
        "corr_set": [],
        "err_R": [],
        "err_t": [],
        "err_x": [],
        "gdth_set": [],
        "init_set": [],
        "totl_cnt": 0
    },
    "car": {
        "corr_set": [],
        "err_R": [],
        "err_t": [],
        "err_x": [],
        "gdth_set": [],
        "init_set": [],
        "totl_cnt": 0
    },
    "chair": {
        "corr_set": [],
        "err_R": [],
        "err_t": [],
        "err_x": [],
        "gdth_set": [],
        "init_set": [],
        "totl_cnt": 0
    },
    "cone": {
        "corr_set": [],
        "err_R": [],
        "err_t": [],
        "err_x": [],
        "gdth_set": [],
        "init_set": [],
        "totl_cnt": 0
    },
    "cup": {
        "corr_set": [],
        "err_R": [],
        "err_t": [],
        "err_x": [],
        "gdth_set": [],